Close,Date
18.5381,11-Jul-14
18.5184,14-Jul-14
18.9118,15-Jul-14
19.2525,16-Jul-14
19.4957,17-Jul-14
19.4611,18-Jul-14
19.5091,21-Jul-14
19.4865,22-Jul-14
19.5303,23-Jul-14
19.5868,24-Jul-14
19.1667,25-Jul-14
19.0344,28-Jul-14
19.004,30-Jul-14
19.0808,31-Jul-14
18.9895,01-Aug-14
19.1745,04-Aug-14
19.4055,05-Aug-14
19.4732,06-Aug-14
19.4512,07-Aug-14
19.1367,08-Aug-14
19.242,11-Aug-14
19.3037,12-Aug-14
19.0384,13-Aug-14
19.1482,14-Aug-14
19.6433,18-Aug-14
19.9856,19-Aug-14
20.3212,20-Aug-14
20.3342,21-Aug-14
20.3819,22-Aug-14
20.2872,25-Aug-14
20.2556,26-Aug-14
20.6625,27-Aug-14
20.5841,28-Aug-14
20.8898,01-Sep-14
21.167,02-Sep-14
21.2689,03-Sep-14
21.3692,04-Sep-14
21.5313,05-Sep-14
22.0341,08-Sep-14
22.2212,09-Sep-14
22.2737,10-Sep-14
22.5051,11-Sep-14
22.6838,12-Sep-14
22.7796,15-Sep-14
21.9435,16-Sep-14
22.0228,17-Sep-14
22.5147,18-Sep-14
22.6055,19-Sep-14
22.7188,22-Sep-14
22.3316,23-Sep-14
22.159,24-Sep-14
21.6919,25-Sep-14
21.8195,26-Sep-14
22.0804,29-Sep-14
22.29,30-Sep-14
22.2411,01-Oct-14
22.0424,07-Oct-14
22.0485,08-Oct-14
22.3722,09-Oct-14
22.159,10-Oct-14
22.1953,13-Oct-14
22.2802,14-Oct-14
21.9447,16-Oct-14
21.8983,17-Oct-14
22.0742,20-Oct-14
22.228,21-Oct-14
22.3959,22-Oct-14
22.4776,27-Oct-14
22.537,28-Oct-14
22.6184,29-Oct-14
22.789,30-Oct-14
22.9804,31-Oct-14
23.2246,03-Nov-14
23.4461,05-Nov-14
23.2931,07-Nov-14
23.2814,10-Nov-14
23.4121,11-Nov-14
23.5572,12-Nov-14
23.3836,13-Nov-14
23.3689,14-Nov-14
23.5217,17-Nov-14
23.7464,18-Nov-14
23.6071,19-Nov-14
23.5645,20-Nov-14
23.509,21-Nov-14
23.48,24-Nov-14
23.1205,25-Nov-14
23.176,26-Nov-14
23.2608,27-Nov-14
23.3689,28-Nov-14
23.3066,01-Dec-14
23.4944,02-Dec-14
23.7715,03-Dec-14
23.881,04-Dec-14
24.0106,05-Dec-14
23.8101,08-Dec-14
23.5418,09-Dec-14
23.7632,10-Dec-14
23.7068,11-Dec-14
23.558,12-Dec-14
23.7313,15-Dec-14
22.997,16-Dec-14
22.8372,17-Dec-14
23.4675,18-Dec-14
23.6218,19-Dec-14
23.7111,22-Dec-14
23.6718,23-Dec-14
23.7298,24-Dec-14
23.7939,26-Dec-14
24.0265,29-Dec-14
24.1425,30-Dec-14
24.44,31-Dec-14
24.6368,01-Jan-15
24.7937,02-Jan-15
24.8597,05-Jan-15
24.2566,06-Jan-15
24.4156,07-Jan-15
24.9129,08-Jan-15
25.0705,09-Jan-15
25.4177,12-Jan-15
25.3134,13-Jan-15
25.3002,14-Jan-15
25.6823,15-Jan-15
25.789,16-Jan-15
25.8909,19-Jan-15
25.8347,20-Jan-15
25.8225,21-Jan-15
25.9464,22-Jan-15
25.7768,23-Jan-15
25.9071,27-Jan-15
25.7842,28-Jan-15
25.7521,29-Jan-15
25.5162,30-Jan-15
25.4773,02-Feb-15
25.4515,03-Feb-15
25.3964,04-Feb-15
25.1598,05-Feb-15
24.7699,06-Feb-15
24.5375,09-Feb-15
24.5604,10-Feb-15
24.8064,11-Feb-15
25.0125,12-Feb-15
25.1607,13-Feb-15
25.094,16-Feb-15
25.1866,18-Feb-15
25.1603,19-Feb-15
25.2446,20-Feb-15
25.1012,23-Feb-15
24.9439,24-Feb-15
24.8324,25-Feb-15
24.6523,26-Feb-15
24.9902,27-Feb-15
25.3157,02-Mar-15
25.6629,03-Mar-15
25.3123,04-Mar-15
25.4934,05-Mar-15
25.1453,09-Mar-15
25.1404,10-Mar-15
25.0049,11-Mar-15
25.1876,12-Mar-15
24.7932,13-Mar-15
24.5763,16-Mar-15
24.7921,17-Mar-15
24.8145,18-Mar-15
24.6011,19-Mar-15
24.2729,20-Mar-15
23.9895,23-Mar-15
23.888,24-Mar-15
23.6773,25-Mar-15
23.5843,26-Mar-15
23.728,27-Mar-15
24.2653,30-Mar-15
24.5141,31-Mar-15
24.876,01-Apr-15
24.9522,06-Apr-15
24.9539,07-Apr-15
25.2969,08-Apr-15
25.5982,09-Apr-15
25.7471,10-Apr-15
25.8415,13-Apr-15
25.8315,15-Apr-15
25.6698,16-Apr-15
25.3957,17-Apr-15
24.8163,20-Apr-15
24.8111,21-Apr-15
24.7969,22-Apr-15
24.9063,23-Apr-15
24.2578,24-Apr-15
23.6577,27-Apr-15
23.9731,28-Apr-15
24.0351,29-Apr-15
23.9296,30-Apr-15
24.2985,04-May-15
24.2891,05-May-15
23.6322,06-May-15
23.0758,07-May-15
23.575,08-May-15
23.8793,11-May-15
23.4615,12-May-15
23.6419,13-May-15
23.8739,14-May-15
24.0797,15-May-15
24.398,18-May-15
24.37,19-May-15
24.3743,20-May-15
24.4011,21-May-15
24.4236,22-May-15
24.3811,25-May-15
24.3739,26-May-15
24.3108,27-May-15
24.257,28-May-15
24.5353,29-May-15
24.4638,01-Jun-15
23.9952,02-Jun-15
23.427,03-Jun-15
23.4066,04-Jun-15
23.4925,05-Jun-15
23.2242,08-Jun-15
23.113,09-Jun-15
23.3091,10-Jun-15
23.0708,11-Jun-15
23.0253,12-Jun-15
23.0993,15-Jun-15
23.1822,16-Jun-15
23.4177,17-Jun-15
23.746,18-Jun-15
23.8767,19-Jun-15
24.2025,22-Jun-15
24.2953,23-Jun-15
24.2228,24-Jun-15
24.255,25-Jun-15
24.3352,26-Jun-15
24.0502,29-Jun-15
24.2371,30-Jun-15
24.5474,01-Jul-15
24.6619,02-Jul-15
24.7561,03-Jul-15
25.0365,06-Jul-15
25.2357,07-Jul-15
24.89,08-Jul-15
24.9736,09-Jul-15
25.0124,10-Jul-15
25.4105,13-Jul-15
25.5666,14-Jul-15
25.8029,15-Jul-15
25.9739,16-Jul-15
26.142,17-Jul-15
26.2345,20-Jul-15
25.7951,21-Jul-15
26.0649,22-Jul-15
26.2126,23-Jul-15
25.9999,24-Jul-15
25.7364,27-Jul-15
25.7124,28-Jul-15
26.1729,29-Jul-15
26.3963,30-Jul-15
26.5589,31-Jul-15
26.8881,03-Aug-15
27.201,04-Aug-15
27.3977,05-Aug-15
27.3669,06-Aug-15
27.6489,07-Aug-15
27.5306,10-Aug-15
27.0619,11-Aug-15
26.4095,12-Aug-15
26.0124,13-Aug-15
26.5656,14-Aug-15
26.627,17-Aug-15
26.9337,18-Aug-15
27.1771,19-Aug-15
26.6319,20-Aug-15
26.5673,21-Aug-15
24.3665,24-Aug-15
24.5143,25-Aug-15
24.4898,26-Aug-15
25.1549,27-Aug-15
25.1227,28-Aug-15
25.1741,31-Aug-15
24.5763,01-Sep-15
24.6006,02-Sep-15
24.9371,03-Sep-15
24.3764,04-Sep-15
23.8957,07-Sep-15
24.0234,08-Sep-15
24.4866,09-Sep-15
24.4121,10-Sep-15
24.5538,11-Sep-15
24.6743,14-Sep-15
24.5565,15-Sep-15
24.5618,16-Sep-15
24.8623,18-Sep-15
25.1672,21-Sep-15
24.8091,22-Sep-15
25.0226,23-Sep-15
25.2121,24-Sep-15
25.168,28-Sep-15
25.1829,29-Sep-15
25.401,30-Sep-15
25.6223,01-Oct-15
26.1607,05-Oct-15
26.2959,06-Oct-15
26.3501,07-Oct-15
26.2182,08-Oct-15
26.4169,09-Oct-15
26.4036,12-Oct-15
26.5188,13-Oct-15
26.6577,14-Oct-15
26.7547,15-Oct-15
26.8928,16-Oct-15
26.9939,19-Oct-15
27.2256,20-Oct-15
27.171,21-Oct-15
27.2025,23-Oct-15
26.9603,26-Oct-15
27.0379,27-Oct-15
27.4166,28-Oct-15
27.1865,29-Oct-15
27.126,30-Oct-15
27.2171,02-Nov-15
27.3884,03-Nov-15
27.3106,04-Nov-15
26.8134,05-Nov-15
26.7462,06-Nov-15
26.9134,09-Nov-15
26.6771,10-Nov-15
26.8274,13-Nov-15
26.9741,16-Nov-15
27.1004,17-Nov-15
26.8372,18-Nov-15
27.1947,19-Nov-15
27.4615,20-Nov-15
27.7099,23-Nov-15
27.7788,24-Nov-15
27.7355,26-Nov-15
27.8091,27-Nov-15
27.9482,30-Nov-15
28.0529,01-Dec-15
28.1103,02-Dec-15
28.0364,03-Dec-15
27.8106,04-Dec-15
27.764,07-Dec-15
27.3555,08-Dec-15
26.7584,09-Dec-15
27.0898,10-Dec-15
26.8843,11-Dec-15
27.0363,14-Dec-15
27.3243,15-Dec-15
27.4682,16-Dec-15
27.8911,17-Dec-15
27.8809,18-Dec-15
28.097,21-Dec-15
27.9939,22-Dec-15
28.1697,23-Dec-15
28.1528,24-Dec-15
28.2081,28-Dec-15
28.1606,29-Dec-15
28.2284,30-Dec-15
28.3641,31-Dec-15
28.6284,01-Jan-16
28.2575,04-Jan-16
28.4461,05-Jan-16
28.2441,06-Jan-16
27.4198,07-Jan-16
27.8162,08-Jan-16
27.7583,11-Jan-16
27.3975,12-Jan-16
26.8785,13-Jan-16
26.5995,14-Jan-16
25.7701,15-Jan-16
24.7424,18-Jan-16
25.2399,19-Jan-16
24.6226,20-Jan-16
24.842,21-Jan-16
25.4762,22-Jan-16
25.7325,25-Jan-16
25.854,27-Jan-16
25.7768,28-Jan-16
25.9963,29-Jan-16
25.9496,01-Feb-16
25.5537,02-Feb-16
25.0145,03-Feb-16
24.7294,04-Feb-16
25.0197,05-Feb-16
24.9306,08-Feb-16
24.6215,09-Feb-16
24.1923,10-Feb-16
23.1664,11-Feb-16
22.9692,12-Feb-16
23.8578,15-Feb-16
23.3414,16-Feb-16
23.373,17-Feb-16
23.4165,18-Feb-16
23.492,19-Feb-16
23.575,22-Feb-16
23.2282,23-Feb-16
22.8311,24-Feb-16
22.5937,25-Feb-16
22.5254,26-Feb-16
22.4296,29-Feb-16
23.2144,01-Mar-16
23.7141,02-Mar-16
23.9319,03-Mar-16
24.0558,04-Mar-16
24.0049,08-Mar-16
24.1945,09-Mar-16
24.2056,10-Mar-16
24.1693,11-Mar-16
24.2141,14-Mar-16
24.0088,15-Mar-16
23.9315,16-Mar-16
24.0185,17-Mar-16
24.1436,18-Mar-16
24.4043,21-Mar-16
24.7049,22-Mar-16
24.9231,23-Mar-16
24.5598,28-Mar-16
24.5341,29-Mar-16
24.9702,30-Mar-16
24.9448,31-Mar-16
25.1755,01-Apr-16
25.3388,04-Apr-16
25.0409,05-Apr-16
25.2899,06-Apr-16
25.244,07-Apr-16
25.4418,08-Apr-16
25.5123,11-Apr-16
25.7058,12-Apr-16
25.9697,13-Apr-16
26.2419,18-Apr-16
26.3601,20-Apr-16
26.2148,21-Apr-16
26.2212,22-Apr-16
26.1698,25-Apr-16
26.3579,26-Apr-16
26.4477,27-Apr-16
26.2237,28-Apr-16
26.1612,29-Apr-16
26.3941,02-May-16
26.3453,03-May-16
26.0511,04-May-16
26.1523,05-May-16
26.0068,06-May-16
26.3632,09-May-16
26.5147,10-May-16
26.5808,11-May-16
26.842,12-May-16
26.728,13-May-16
26.7027,16-May-16
26.6716,17-May-16
26.7782,18-May-16
26.5193,19-May-16
26.3015,20-May-16
26.1254,23-May-16
26.0139,24-May-16
26.2371,25-May-16
26.3453,26-May-16
26.573,27-May-16
26.6488,30-May-16
26.6078,31-May-16
26.6497,01-Jun-16
26.761,02-Jun-16
26.6633,03-Jun-16
26.7061,06-Jun-16
26.8975,07-Jun-16
27.1758,08-Jun-16
27.1899,09-Jun-16
27.1542,10-Jun-16
27.0168,13-Jun-16
27.0916,14-Jun-16
27.3569,15-Jun-16
27.2203,16-Jun-16
27.279,17-Jun-16
27.322,20-Jun-16
27.3404,21-Jun-16
27.2642,22-Jun-16
27.1941,23-Jun-16
26.763,24-Jun-16
27.2764,27-Jun-16
27.4779,28-Jun-16
27.9209,29-Jun-16
28.2423,30-Jun-16
28.3226,01-Jul-16
28.5062,04-Jul-16
28.4855,05-Jul-16
28.5604,07-Jul-16
28.5365,08-Jul-16
28.7393,11-Jul-16
28.7081,12-Jul-16
28.4516,13-Jul-16
28.7642,14-Jul-16
28.6094,15-Jul-16
28.4784,18-Jul-16
28.4122,19-Jul-16
28.7455,20-Jul-16
28.5702,21-Jul-16
28.7767,22-Jul-16
29.2177,25-Jul-16
28.9057,26-Jul-16
29.0069,27-Jul-16
29.1463,28-Jul-16
29.0691,29-Jul-16
28.9262,01-Aug-16
28.8083,02-Aug-16
28.5027,03-Aug-16
28.5919,04-Aug-16
29.071,05-Aug-16
29.1805,08-Aug-16
29.1348,09-Aug-16
28.8056,10-Aug-16
28.6573,11-Aug-16
28.7372,12-Aug-16
28.6257,16-Aug-16
28.8456,17-Aug-16
29.118,18-Aug-16
29.3512,19-Aug-16
29.3931,22-Aug-16
29.5326,23-Aug-16
29.7098,24-Aug-16
29.7859,25-Aug-16
29.7023,26-Aug-16
29.6382,29-Aug-16
29.9529,30-Aug-16
30.0697,31-Aug-16
30.0021,01-Sep-16
30.2409,02-Sep-16
30.5397,06-Sep-16
30.6202,07-Sep-16
30.9693,08-Sep-16
30.6938,09-Sep-16
30.0576,12-Sep-16
30.5041,14-Sep-16
30.691,15-Sep-16
30.6903,16-Sep-16
30.9295,19-Sep-16
30.9171,20-Sep-16
31.0039,21-Sep-16
31.2354,22-Sep-16
31.1634,23-Sep-16
31.2045,26-Sep-16
31.1739,27-Sep-16
31.3961,28-Sep-16
30.0746,29-Sep-16
30.645,30-Sep-16
31.3852,03-Oct-16
31.8019,04-Oct-16
32.0853,05-Oct-16
32.0223,06-Oct-16
32.0304,07-Oct-16
32.2111,10-Oct-16
31.6334,13-Oct-16
32.063,14-Oct-16
31.9658,17-Oct-16
32.5132,18-Oct-16
32.6712,19-Oct-16
32.9531,20-Oct-16
32.9317,21-Oct-16
33.1038,24-Oct-16
33.1187,25-Oct-16
32.9982,26-Oct-16
32.8467,27-Oct-16
33.122,28-Oct-16
33.2983,01-Nov-16
32.6555,02-Nov-16
32.2475,03-Nov-16
31.7378,04-Nov-16
32.2625,07-Nov-16
32.2165,08-Nov-16
31.5632,09-Nov-16
32.0227,10-Nov-16
30.9,11-Nov-16
29.4809,15-Nov-16
29.5053,16-Nov-16
29.3565,17-Nov-16
29.4613,18-Nov-16
28.4912,21-Nov-16
28.7589,22-Nov-16
29.3178,23-Nov-16
29.3429,24-Nov-16
29.8868,25-Nov-16
30.1257,28-Nov-16
30.2811,29-Nov-16
30.787,30-Nov-16
30.5768,01-Dec-16
30.159,02-Dec-16
30.1873,05-Dec-16
30.3489,06-Dec-16
30.1246,07-Dec-16
30.5358,08-Dec-16
30.7274,09-Dec-16
30.5107,12-Dec-16
30.5294,13-Dec-16
30.3952,14-Dec-16
30.4763,15-Dec-16
30.4647,16-Dec-16
30.3469,19-Dec-16
30.0861,20-Dec-16
30.0207,21-Dec-16
29.564,22-Dec-16
29.6147,23-Dec-16
29.0538,26-Dec-16
29.4907,27-Dec-16
29.6995,28-Dec-16
29.9168,29-Dec-16
30.2794,30-Dec-16
30.4904,02-Jan-17
30.8145,03-Jan-17
30.9968,04-Jan-17
31.2772,05-Jan-17
31.1588,06-Jan-17
31.3619,09-Jan-17
31.6315,10-Jan-17
31.9484,11-Jan-17
31.9088,12-Jan-17
31.8583,13-Jan-17
32.1414,16-Jan-17
32.1408,17-Jan-17
32.3544,18-Jan-17
32.4377,19-Jan-17
32.0474,20-Jan-17
32.2403,23-Jan-17
32.3531,24-Jan-17
32.5774,25-Jan-17
32.6997,27-Jan-17
32.7371,30-Jan-17
32.3483,31-Jan-17
32.8748,01-Feb-17
33.1759,02-Feb-17
33.4026,03-Feb-17
33.7852,06-Feb-17
33.554,07-Feb-17
33.4956,08-Feb-17
33.5462,09-Feb-17
33.5386,10-Feb-17
33.2185,13-Feb-17
33.0548,14-Feb-17
32.4392,15-Feb-17
32.8984,16-Feb-17
33.1593,17-Feb-17
33.4278,20-Feb-17
33.6398,21-Feb-17
33.4843,22-Feb-17
33.4548,23-Feb-17
33.515,27-Feb-17
33.6216,28-Feb-17
33.8449,01-Mar-17
33.4699,02-Mar-17
33.5412,03-Mar-17
33.735,06-Mar-17
33.7631,07-Mar-17
33.6073,08-Mar-17
33.7329,09-Mar-17
33.7674,10-Mar-17
34.122,14-Mar-17
34.3234,15-Mar-17
34.5304,16-Mar-17
34.4909,17-Mar-17
34.5889,20-Mar-17
34.5043,21-Mar-17
34.2987,22-Mar-17
34.5283,23-Mar-17
34.8047,24-Mar-17
34.8205,27-Mar-17
34.997,28-Mar-17
35.2903,29-Mar-17
35.6056,30-Mar-17
35.8843,31-Mar-17
36.4611,03-Apr-17
37.0275,05-Apr-17
37.1527,06-Apr-17
37.0163,07-Apr-17
37.3698,10-Apr-17
37.9472,11-Apr-17
37.719,12-Apr-17
37.8036,13-Apr-17
37.8266,17-Apr-17
37.6204,18-Apr-17
37.8713,19-Apr-17
38.1817,20-Apr-17
38.2555,21-Apr-17
38.5881,24-Apr-17
38.7034,25-Apr-17
38.3297,26-Apr-17
38.45,27-Apr-17
38.6253,28-Apr-17
38.6957,02-May-17
38.9735,03-May-17
39.1386,04-May-17
38.6346,05-May-17
38.9134,08-May-17
38.9738,09-May-17
39.2635,10-May-17
39.1281,11-May-17
38.8847,12-May-17
39.0963,15-May-17
39.3945,16-May-17
39.373,17-May-17
38.613,18-May-17
38.3387,19-May-17
37.9884,22-May-17
37.3187,23-May-17
36.6375,24-May-17
37.4294,25-May-17
38.037,26-May-17
37.603,29-May-17
37.5492,30-May-17
37.9327,31-May-17
38.2716,01-Jun-17
38.5098,02-Jun-17
38.7726,05-Jun-17
38.559,06-Jun-17
38.7283,07-Jun-17
39.0774,08-Jun-17
39.3131,09-Jun-17
39.0827,12-Jun-17
39.0979,13-Jun-17
39.263,14-Jun-17
39.3085,15-Jun-17
39.5346,16-Jun-17
39.6995,19-Jun-17
39.7811,20-Jun-17
39.7108,21-Jun-17
39.3842,22-Jun-17
38.6858,23-Jun-17
38.1161,27-Jun-17
38.2092,28-Jun-17
38.4847,29-Jun-17
38.5027,30-Jun-17
38.9881,03-Jul-17
39.2518,04-Jul-17
39.7333,05-Jul-17
40.2316,06-Jul-17
40.2618,07-Jul-17
40.4531,10-Jul-17
40.3055,11-Jul-17
40.4817,12-Jul-17
40.6637,13-Jul-17
40.3506,14-Jul-17
40.4415,17-Jul-17
40.2071,18-Jul-17
40.6138,19-Jul-17
40.8184,20-Jul-17
40.8245,21-Jul-17
40.7504,24-Jul-17
40.6595,25-Jul-17
40.8184,26-Jul-17
40.3917,27-Jul-17
40.5936,28-Jul-17
40.6872,31-Jul-17
40.6501,01-Aug-17
40.7257,02-Aug-17
40.3916,03-Aug-17
40.5023,04-Aug-17
40.6623,07-Aug-17
40.1638,08-Aug-17
39.435,09-Aug-17
38.3041,10-Aug-17
38.2988,11-Aug-17
39.0143,14-Aug-17
39.6021,16-Aug-17
39.8192,17-Aug-17
39.6047,18-Aug-17
39.2519,21-Aug-17
39.2128,22-Aug-17
39.5752,23-Aug-17
39.7209,24-Aug-17
40.1125,28-Aug-17
39.7143,29-Aug-17
40.2372,30-Aug-17
40.5208,31-Aug-17
40.9495,01-Sep-17
40.8181,04-Sep-17
41.0822,05-Sep-17
41.1329,06-Sep-17
41.1392,07-Sep-17
41.12,08-Sep-17
41.3069,11-Sep-17
41.6651,12-Sep-17
41.3459,13-Sep-17
41.5365,14-Sep-17
41.3969,15-Sep-17
41.8405,18-Sep-17
41.9538,19-Sep-17
41.9232,20-Sep-17
41.7223,21-Sep-17
40.8474,22-Sep-17
40.0605,25-Sep-17
40.6021,26-Sep-17
39.9482,27-Sep-17
40.1888,28-Sep-17
40.719,29-Sep-17
40.7479,03-Oct-17
41.0758,04-Oct-17
41.5068,05-Oct-17
41.9214,06-Oct-17
42.3329,09-Oct-17
42.7441,10-Oct-17
42.3449,11-Oct-17
42.761,12-Oct-17
42.875,13-Oct-17
42.9,16-Oct-17
43.1671,17-Oct-17
43.2799,18-Oct-17
43.3732,23-Oct-17
43.6441,24-Oct-17
43.5336,25-Oct-17
43.8594,26-Oct-17
44.0684,27-Oct-17
44.4943,30-Oct-17
44.6098,31-Oct-17
44.9496,01-Nov-17
45.0965,02-Nov-17
45.167,03-Nov-17
45.2621,06-Nov-17
45.0983,07-Nov-17
44.5684,08-Nov-17
44.952,09-Nov-17
44.9286,10-Nov-17
44.6711,13-Nov-17
44.6453,14-Nov-17
44.0233,15-Nov-17
44.5712,16-Nov-17
44.8005,17-Nov-17
45.0418,20-Nov-17
45.2948,21-Nov-17
45.6284,22-Nov-17
45.7837,23-Nov-17
45.9305,24-Nov-17
46.5852,27-Nov-17
46.894,28-Nov-17
46.892,29-Nov-17
47.107,30-Nov-17
46.7794,01-Dec-17
46.6079,04-Dec-17
46.6616,05-Dec-17
46.5003,06-Dec-17
46.9782,07-Dec-17
47.4512,08-Dec-17
47.4587,11-Dec-17
47.1672,12-Dec-17
47.0374,13-Dec-17
46.9715,14-Dec-17
47.356,15-Dec-17
47.7177,18-Dec-17
48.4851,19-Dec-17
48.8713,20-Dec-17
49.3623,21-Dec-17
49.6635,22-Dec-17
50.1222,26-Dec-17
49.666,27-Dec-17
49.7088,28-Dec-17
49.9425,29-Dec-17
49.9633,01-Jan-18
49.6423,02-Jan-18
50.1278,03-Jan-18
50.5887,04-Jan-18
51.1796,05-Jan-18
51.7475,08-Jan-18
51.7371,09-Jan-18
51.7097,10-Jan-18
51.9508,11-Jan-18
51.9192,12-Jan-18
52.1683,15-Jan-18
51.2039,16-Jan-18
51.4051,17-Jan-18
50.4352,18-Jan-18
50.6617,19-Jan-18
50.9937,22-Jan-18
51.358,23-Jan-18
50.8854,24-Jan-18
50.3569,25-Jan-18
49.8851,29-Jan-18
49.1677,30-Jan-18
48.7779,31-Jan-18
48.9683,01-Feb-18
47.176,02-Feb-18
47.1674,05-Feb-18
46.4779,06-Feb-18
47.3659,07-Feb-18
48.4114,08-Feb-18
48.4329,09-Feb-18
49.0425,12-Feb-18
49.0425,14-Feb-18
48.5473,15-Feb-18
47.8104,16-Feb-18
47.4282,19-Feb-18
47.453,20-Feb-18
47.2974,21-Feb-18
47.1323,22-Feb-18
47.8129,23-Feb-18
48.3041,26-Feb-18
48.2369,27-Feb-18
48.2736,28-Feb-18
48.2953,01-Mar-18
47.6741,05-Mar-18
47.1862,06-Mar-18
46.2746,07-Mar-18
46.2548,08-Mar-18
46.0759,09-Mar-18
46.2889,12-Mar-18
46.5957,13-Mar-18
46.5948,14-Mar-18
46.8942,15-Mar-18
46.576,16-Mar-18
45.741,19-Mar-18
45.5977,20-Mar-18
45.728,21-Mar-18
45.3198,22-Mar-18
44.787,23-Mar-18
45.0479,26-Mar-18
45.7414,27-Mar-18
45.521,28-Mar-18
46.6006,02-Apr-18
47.2211,03-Apr-18
46.7022,04-Apr-18
47.6702,05-Apr-18
47.8196,06-Apr-18
47.9279,09-Apr-18
47.933,10-Apr-18
47.8688,11-Apr-18
47.7614,12-Apr-18
47.8484,13-Apr-18
47.882,16-Apr-18
48.0276,17-Apr-18
47.9484,18-Apr-18
48.3532,19-Apr-18
48.5327,20-Apr-18
48.9497,23-Apr-18
49.1138,24-Apr-18
48.6103,25-Apr-18
48.6503,26-Apr-18
48.9585,27-Apr-18
49.2901,30-Apr-18
48.9031,02-May-18
48.3412,03-May-18
48.201,04-May-18
48.3812,07-May-18
48.47,08-May-18
48.3911,09-May-18
47.7912,10-May-18
47.8487,11-May-18
47.5074,14-May-18
47.2497,15-May-18
47.1356,16-May-18
47.296,17-May-18
46.6539,18-May-18
45.7511,21-May-18
46.2053,22-May-18
45.8921,23-May-18
45.757,24-May-18
46.325,25-May-18
46.8319,28-May-18
46.6467,29-May-18
46.4614,30-May-18
46.193,31-May-18
45.5274,01-Jun-18
44.6087,04-Jun-18
43.5006,05-Jun-18
44.2842,06-Jun-18
45.2648,07-Jun-18
45.3587,08-Jun-18
45.6842,11-Jun-18
45.9991,12-Jun-18
45.8869,13-Jun-18
45.8261,14-Jun-18
45.6765,15-Jun-18
45.4226,18-Jun-18
44.8699,19-Jun-18
44.8592,20-Jun-18
44.5544,21-Jun-18
44.5314,22-Jun-18
44.1431,25-Jun-18
43.8401,26-Jun-18
43.1256,27-Jun-18
42.7731,28-Jun-18
43.4856,29-Jun-18
43.0767,02-Jul-18
43.3209,03-Jul-18
43.3463,04-Jul-18
43.1683,05-Jul-18
43.4865,06-Jul-18
44.0143,09-Jul-18
44.4719,10-Jul-18
44.1091,11-Jul-18
43.9278,12-Jul-18
43.3513,13-Jul-18
42.2845,16-Jul-18
42.594,17-Jul-18
42.1296,18-Jul-18
41.7726,19-Jul-18
41.9217,20-Jul-18
42.358,23-Jul-18
43.4321,24-Jul-18
43.7169,25-Jul-18
43.7464,26-Jul-18
44.1976,27-Jul-18
44.5011,30-Jul-18
44.5768,31-Jul-18
44.6519,01-Aug-18
44.675,02-Aug-18
45.2085,03-Aug-18
45.3283,06-Aug-18
45.4276,07-Aug-18
45.7819,08-Aug-18
46.0969,09-Aug-18
45.6073,10-Aug-18
45.2625,13-Aug-18
45.4152,14-Aug-18
45.4324,16-Aug-18
45.8602,17-Aug-18
46.101,20-Aug-18
46.3029,21-Aug-18
46.3701,23-Aug-18
46.3247,24-Aug-18
46.5664,27-Aug-18
46.5906,28-Aug-18
46.7967,29-Aug-18
47.1629,30-Aug-18
47.4771,31-Aug-18
47.6095,03-Sep-18
46.8313,04-Sep-18
46.5736,05-Sep-18
46.9511,06-Sep-18
47.2865,07-Sep-18
46.6378,10-Sep-18
45.9133,11-Sep-18
45.8452,12-Sep-18
46.3996,14-Sep-18
46.1399,17-Sep-18
45.7201,18-Sep-18
45.6201,19-Sep-18
44.4569,21-Sep-18
43.3722,24-Sep-18
43.2166,25-Sep-18
43.4816,26-Sep-18
42.8123,27-Sep-18
41.5982,28-Sep-18
41.681,01-Oct-18
41.6425,03-Oct-18
40.9485,04-Oct-18
40.1085,05-Oct-18
39.468,08-Oct-18
39.3194,09-Oct-18
40.7914,10-Oct-18
40.1777,11-Oct-18
41.0296,12-Oct-18
41.5551,15-Oct-18
42.0659,16-Oct-18
41.2347,17-Oct-18
40.7807,19-Oct-18
40.1113,22-Oct-18
39.5887,23-Oct-18
39.7873,24-Oct-18
39.4984,25-Oct-18
39.4295,26-Oct-18
40.252,29-Oct-18
40.6936,30-Oct-18
41.1103,31-Oct-18
41.5901,01-Nov-18
41.847,02-Nov-18
41.6656,05-Nov-18
41.8382,06-Nov-18
42.4631,09-Nov-18
42.2125,12-Nov-18
42.3257,13-Nov-18
42.1663,14-Nov-18
42.1709,15-Nov-18
42.0247,16-Nov-18
42.1167,19-Nov-18
41.7086,20-Nov-18
41.7981,21-Nov-18
41.717,22-Nov-18
41.6468,26-Nov-18
41.9199,27-Nov-18
41.695,28-Nov-18
41.6096,29-Nov-18
41.8113,30-Nov-18
41.8187,03-Dec-18
41.8181,04-Dec-18
41.3862,05-Dec-18
40.8714,06-Dec-18
40.8492,07-Dec-18
40.2066,10-Dec-18
40.6847,11-Dec-18
41.5714,12-Dec-18
41.8814,13-Dec-18
41.8759,14-Dec-18
42.0129,17-Dec-18
42.1106,18-Dec-18
42.5495,19-Dec-18
42.5388,20-Dec-18
42.0404,21-Dec-18
41.6917,24-Dec-18
41.5951,26-Dec-18
41.6854,27-Dec-18
41.8662,28-Dec-18
42.1049,31-Dec-18
42.1899,01-Jan-19
41.9781,02-Jan-19
41.7615,03-Jan-19
41.7891,04-Jan-19
41.7771,07-Jan-19
41.801,08-Jan-19
41.8353,09-Jan-19
41.8255,10-Jan-19
41.708,11-Jan-19
41.5491,14-Jan-19
41.834,15-Jan-19
41.8986,16-Jan-19
41.8093,17-Jan-19
41.6043,18-Jan-19
41.427,21-Jan-19
41.1881,22-Jan-19
41.106,23-Jan-19
40.8338,24-Jan-19
40.3094,25-Jan-19
39.4993,28-Jan-19
39.4034,29-Jan-19
39.7196,30-Jan-19
40.08,31-Jan-19
40.2279,01-Feb-19
39.8487,04-Feb-19
39.5859,05-Feb-19
39.6264,06-Feb-19
40.028,07-Feb-19
39.6642,08-Feb-19
39.0688,11-Feb-19
38.7283,12-Feb-19
38.4726,13-Feb-19
38.3214,14-Feb-19
38.0268,15-Feb-19
37.7417,18-Feb-19
37.8402,19-Feb-19
38.1841,20-Feb-19
38.5845,21-Feb-19
38.8094,22-Feb-19
39.0536,25-Feb-19
38.9455,26-Feb-19
38.9968,27-Feb-19
39.3339,28-Feb-19
40.0238,01-Mar-19
41.3758,05-Mar-19
41.7043,06-Mar-19
41.7899,07-Mar-19
41.5758,08-Mar-19
42.3027,11-Mar-19
42.8407,12-Mar-19
42.5426,13-Mar-19
42.4664,14-Mar-19
42.456,15-Mar-19
42.3673,18-Mar-19
42.5057,19-Mar-19
42.3552,20-Mar-19
42.092,22-Mar-19
41.6817,25-Mar-19
41.9635,26-Mar-19
42.3052,27-Mar-19
42.6174,28-Mar-19
42.8223,29-Mar-19
43.1903,01-Apr-19
43.1582,02-Apr-19
42.8289,03-Apr-19
42.7279,04-Apr-19
43.066,05-Apr-19
42.9864,08-Apr-19
42.8272,09-Apr-19
42.8279,10-Apr-19
42.8243,11-Apr-19
43.0086,12-Apr-19
43.1459,15-Apr-19
43.1855,16-Apr-19
42.8715,18-Apr-19
42.4493,22-Apr-19
42.4553,23-Apr-19
42.66,24-Apr-19
42.5214,25-Apr-19
42.5715,26-Apr-19
42.2505,30-Apr-19
42.1678,02-May-19
42.092,03-May-19
41.895,06-May-19
41.6491,07-May-19
41.0841,08-May-19
41.0344,09-May-19
41.1195,10-May-19
40.4982,13-May-19
40.6701,14-May-19
40.5865,15-May-19
40.6252,16-May-19
40.8332,17-May-19
41.9839,20-May-19
41.7532,21-May-19
41.8338,22-May-19
41.8743,23-May-19
42.959,24-May-19
43.8709,27-May-19
43.868,28-May-19
43.6998,29-May-19
43.8105,30-May-19
43.6576,31-May-19
43.8401,03-Jun-19
43.756,04-Jun-19
43.0867,06-Jun-19
42.9934,07-Jun-19
42.7035,10-Jun-19
42.8763,11-Jun-19
42.6424,12-Jun-19
42.4714,13-Jun-19
42.2351,14-Jun-19
41.7838,17-Jun-19
41.7882,18-Jun-19
41.3078,19-Jun-19
41.604,20-Jun-19
41.5468,21-Jun-19
41.3871,24-Jun-19
41.6704,25-Jun-19
42.0321,26-Jun-19
42.1822,27-Jun-19
42.1367,28-Jun-19
42.2492,01-Jul-19
42.2881,02-Jul-19
42.2543,03-Jul-19
42.3976,04-Jul-19
41.8184,05-Jul-19
40.9425,08-Jul-19
40.8814,09-Jul-19
,
38.1235,10-Jul-19
38.2023,11-Jul-19
38.3291,12-Jul-19
38.1394,15-Jul-19
38.1456,16-Jul-19
38.1229,17-Jul-19
37.7656,18-Jul-19
37.1114,19-Jul-19
36.7129,22-Jul-19
36.8106,23-Jul-19
36.3805,24-Jul-19
36.3274,25-Jul-19
36.3335,26-Jul-19
36.0618,29-Jul-19
35.5007,30-Jul-19
35.8224,31-Jul-19
35.3646,01-Aug-19
35.261,02-Aug-19
34.7731,05-Aug-19
35.2334,06-Aug-19
35.1743,07-Aug-19
35.3888,08-Aug-19
35.5584,09-Aug-19
35.0182,13-Aug-19
35.1625,14-Aug-19
35.1526,16-Aug-19
35.3498,19-Aug-19
35.1234,20-Aug-19
34.6082,21-Aug-19
33.9638,22-Aug-19
34.1771,23-Aug-19
34.7839,26-Aug-19
35.297,27-Aug-19
35.0573,28-Aug-19
34.8064,29-Aug-19
35.0281,30-Aug-19
34.5494,03-Sep-19
34.6452,04-Sep-19
34.746,05-Sep-19
35.1484,06-Sep-19
35.6515,09-Sep-19
36.3067,11-Sep-19
36.2493,12-Sep-19
36.4973,13-Sep-19
36.7409,16-Sep-19
36.2124,17-Sep-19
36.4095,18-Sep-19
35.885,19-Sep-19
37.2492,20-Sep-19
38.4132,23-Sep-19
38.3463,24-Sep-19
38.008,25-Sep-19
38.2168,26-Sep-19
37.9412,27-Sep-19
37.5295,30-Sep-19
36.9632,01-Oct-19
36.8559,03-Oct-19
36.5504,04-Oct-19
36.1657,07-Oct-19
36.5244,09-Oct-19
36.2179,10-Oct-19
36.3457,11-Oct-19
36.444,14-Oct-19
36.3706,15-Oct-19
36.4093,16-Oct-19
36.6594,17-Oct-19
37.3714,18-Oct-19
37.5323,22-Oct-19
37.5702,23-Oct-19
37.457,24-Oct-19
37.3876,25-Oct-19
38.0948,29-Oct-19
38.1903,30-Oct-19
38.4078,31-Oct-19
38.535,01-Nov-19
38.7381,04-Nov-19
38.4361,05-Nov-19
38.1476,06-Nov-19
38.2185,07-Nov-19
38.1484,08-Nov-19
38.3001,11-Nov-19
38.2259,13-Nov-19
38.2464,14-Nov-19
38.2374,15-Nov-19
38.2696,18-Nov-19
38.258,19-Nov-19
38.3468,20-Nov-19
38.316,21-Nov-19
38.1381,22-Nov-19
38.3082,25-Nov-19
38.2052,26-Nov-19
38.2036,27-Nov-19
38.3537,28-Nov-19
38.4072,29-Nov-19
38.2073,02-Dec-19
37.9814,03-Dec-19
38.0476,04-Dec-19
37.9617,05-Dec-19
37.6385,06-Dec-19
37.4542,09-Dec-19
37.0739,10-Dec-19
37.0294,11-Dec-19
37.4257,12-Dec-19
37.7337,13-Dec-19
37.6353,16-Dec-19
37.8515,17-Dec-19
37.8562,18-Dec-19
37.8574,19-Dec-19
37.9222,20-Dec-19
37.9018,23-Dec-19
38.0314,24-Dec-19
38.1384,26-Dec-19
38.4895,27-Dec-19
38.6783,30-Dec-19
38.745,31-Dec-19
38.9932,01-Jan-20
39.558,02-Jan-20
39.5197,03-Jan-20
38.6034,06-Jan-20
39.049,07-Jan-20
39.019,08-Jan-20
39.6992,09-Jan-20
40.0075,10-Jan-20
40.4683,13-Jan-20
40.8021,14-Jan-20
41.1716,15-Jan-20
41.4982,16-Jan-20
41.7064,17-Jan-20
41.4716,20-Jan-20
41.3636,21-Jan-20
41.3083,22-Jan-20
41.5457,23-Jan-20
41.6542,24-Jan-20
41.6108,27-Jan-20
41.5655,28-Jan-20
41.7416,29-Jan-20
41.2955,30-Jan-20
41.2189,31-Jan-20
40.375,03-Feb-20
41.0066,04-Feb-20
41.351,05-Feb-20
41.5882,06-Feb-20
41.6459,07-Feb-20
41.4102,10-Feb-20
41.5254,11-Feb-20
41.6065,12-Feb-20
41.5358,13-Feb-20
41.5308,14-Feb-20
41.1954,17-Feb-20
41.1261,18-Feb-20
41.7619,19-Feb-20
41.9697,20-Feb-20
41.2311,24-Feb-20
41.3029,25-Feb-20
40.949,26-Feb-20
40.5654,27-Feb-20
38.939,28-Feb-20
38.7436,02-Mar-20
39.08,03-Mar-20
38.4181,04-Mar-20
38.6602,05-Mar-20
38.0776,06-Mar-20
36.3902,09-Mar-20
36.1595,11-Mar-20
33.3049,12-Mar-20
33.8679,13-Mar-20
32.0777,16-Mar-20
31.2708,17-Mar-20
29.3262,18-Mar-20
28.1761,19-Mar-20
28.8049,20-Mar-20
25.2865,23-Mar-20
25.0388,24-Mar-20
25.8139,25-Mar-20
26.778,26-Mar-20
27.0071,27-Mar-20
26.2526,30-Mar-20
27.2074,31-Mar-20
26.7882,01-Apr-20
26.7882,01-Apr-20
26.5324,03-Apr-20
26.5324,03-Apr-20
27.7949,07-Apr-20
27.7949,07-Apr-20
28.3324,08-Apr-20
28.3324,08-Apr-20
29.5026,09-Apr-20
29.5026,09-Apr-20
29.1994,13-Apr-20
29.1994,13-Apr-20
29.2417,15-Apr-20
29.2417,15-Apr-20
29.769,16-Apr-20
29.769,16-Apr-20
30.4414,17-Apr-20
30.4414,17-Apr-20
30.8208,20-Apr-20
30.8208,20-Apr-20
29.8799,21-Apr-20
29.8799,21-Apr-20
30.1446,22-Apr-20
30.1446,22-Apr-20
30.5222,23-Apr-20
30.5222,23-Apr-20
30.0114,24-Apr-20
30.0114,24-Apr-20
30.4132,27-Apr-20
30.4132,27-Apr-20
30.552,28-Apr-20
30.552,28-Apr-20
31.0053,29-Apr-20
31.0053,29-Apr-20
31.2499,30-Apr-20
31.2499,30-Apr-20
30.3838,04-May-20
30.3838,04-May-20
30.1677,05-May-20
30.1677,05-May-20
30.2739,06-May-20
30.2739,06-May-20
30.3185,07-May-20
30.3185,07-May-20
29.9789,08-May-20
29.9789,08-May-20
29.8219,11-May-20
29.8219,11-May-20
29.5235,12-May-20
29.5235,12-May-20
30.0563,13-May-20
30.0563,13-May-20
29.8553,14-May-20
29.8553,14-May-20
29.9149,15-May-20
29.9149,15-May-20
29.0096,18-May-20
29.0096,18-May-20
28.8751,19-May-20
28.8751,19-May-20
29.2093,20-May-20
29.2093,20-May-20
29.4881,21-May-20
29.4881,21-May-20
29.2972,22-May-20
29.2972,22-May-20
29.4733,26-May-20
29.4733,26-May-20
29.7574,27-May-20
29.7574,27-May-20
30.1931,28-May-20
30.1931,28-May-20
30.5844,29-May-20
30.5844,29-May-20
31.3339,01-Jun-20
31.3339,01-Jun-20
31.817,02-Jun-20
31.817,02-Jun-20
32.2141,03-Jun-20
32.2141,03-Jun-20
32.3436,04-Jun-20
32.3436,04-Jun-20
33.0143,05-Jun-20
33.0143,05-Jun-20
33.2884,08-Jun-20
33.2884,08-Jun-20
32.9782,09-Jun-20
32.9782,09-Jun-20
33.1219,10-Jun-20
33.1219,10-Jun-20
32.6692,11-Jun-20
32.6692,11-Jun-20
32.6855,12-Jun-20
32.6855,12-Jun-20
32.7519,15-Jun-20
32.7519,15-Jun-20
32.7683,16-Jun-20
32.7683,16-Jun-20
33.0158,17-Jun-20
33.0158,17-Jun-20
33.4084,18-Jun-20
33.4084,18-Jun-20
33.9902,19-Jun-20
33.9902,19-Jun-20
34.3429,22-Jun-20
34.3429,22-Jun-20
34.9241,23-Jun-20
34.9241,23-Jun-20
34.5691,24-Jun-20
34.5691,24-Jun-20
34.7016,25-Jun-20
34.7016,25-Jun-20
34.8365,26-Jun-20
34.5644,29-Jun-20
34.4541,30-Jun-20
34.5393,01-Jul-20
34.7314,02-Jul-20
34.808,03-Jul-20
35.395,06-Jul-20
35.4962,07-Jul-20
35.4624,08-Jul-20
35.7094,09-Jul-20
35.5123,10-Jul-20
35.4299,13-Jul-20
35.1711,14-Jul-20
35.1152,15-Jul-20
35.1635,16-Jul-20
35.6115,17-Jul-20
35.8782,20-Jul-20
36.0457,21-Jul-20
35.9844,22-Jul-20
36.2813,23-Jul-20
36.2341,24-Jul-20
35.8686,27-Jul-20
36.1524,28-Jul-20
36.2137,29-Jul-20
35.8807,30-Jul-20
36.2065,31-Jul-20
36.5244,03-Aug-20
36.9724,04-Aug-20
37.2943,05-Aug-20
37.5916,06-Aug-20
38.0502,07-Aug-20
38.5967,10-Aug-20
38.647,11-Aug-20
38.7753,12-Aug-20
39.2738,13-Aug-20
38.8877,14-Aug-20
39.1862,17-Aug-20
39.5711,18-Aug-20
40.0128,19-Aug-20
40.3014,20-Aug-20
41.0177,21-Aug-20
42.0231,24-Aug-20
42.2168,25-Aug-20
42.7181,26-Aug-20
42.736,27-Aug-20
42.5393,28-Aug-20
40.583,31-Aug-20
40.7661,01-Sep-20
41.3037,02-Sep-20
41.5775,03-Sep-20
41.1375,04-Sep-20
41.0535,07-Sep-20
40.6954,08-Sep-20
40.2239,09-Sep-20
40.8846,10-Sep-20
40.9382,11-Sep-20
42.8111,14-Sep-20
43.5556,15-Sep-20
43.7957,16-Sep-20
43.6132,17-Sep-20
43.4455,18-Sep-20
41.7224,21-Sep-20
41.336,22-Sep-20
41.225,23-Sep-20
40.3264,24-Sep-20
41.1219,25-Sep-20
42.0175,28-Sep-20
42.0212,29-Sep-20
42.1595,30-Sep-20
42.2343,01-Oct-20
42.1401,05-Oct-20
42.2071,06-Oct-20
41.8419,07-Oct-20
41.4588,08-Oct-20
41.4896,09-Oct-20
41.1764,12-Oct-20
41.1385,13-Oct-20
41.3941,14-Oct-20
40.6945,15-Oct-20
40.9736,16-Oct-20
41.2523,19-Oct-20
41.2432,20-Oct-20
41.1839,21-Oct-20
41.4602,22-Oct-20
41.8643,23-Oct-20
41.5413,26-Oct-20
41.7712,27-Oct-20
41.4694,28-Oct-20
41.3612,29-Oct-20
41.405,30-Oct-20
41.0704,02-Nov-20
41.2399,03-Nov-20
41.3108,04-Nov-20
42.0706,05-Nov-20
42.3319,06-Nov-20
42.7517,09-Nov-20
42.5159,10-Nov-20
42.808,11-Nov-20
43.2726,12-Nov-20
43.699,13-Nov-20
44.403,17-Nov-20
44.7892,18-Nov-20
44.6912,19-Nov-20
45.0925,20-Nov-20
45.5709,23-Nov-20
45.8565,24-Nov-20
45.3146,25-Nov-20
45.5311,26-Nov-20
46.6905,27-Nov-20
47.2255,01-Dec-20
47.2722,02-Dec-20
47.6236,03-Dec-20
47.8705,04-Dec-20
48.3653,07-Dec-20
47.9289,08-Dec-20
48.197,09-Dec-20
48.0472,10-Dec-20
48.255,11-Dec-20
48.6076,14-Dec-20
48.7013,15-Dec-20
49.2391,16-Dec-20
49.3044,17-Dec-20
49.1943,18-Dec-20
47.0218,21-Dec-20
47.5351,22-Dec-20
48.7199,23-Dec-20
48.945,24-Dec-20
49.5905,28-Dec-20
49.7031,29-Dec-20
49.8502,30-Dec-20
50.0731,31-Dec-20
50.5727,01-Jan-21
51.2854,04-Jan-21
51.5585,05-Jan-21
51.6331,06-Jan-21
52.0431,07-Jan-21
52.4314,08-Jan-21
52.2235,11-Jan-21
52.2526,12-Jan-21
52.2649,13-Jan-21
52.2007,14-Jan-21
51.7808,15-Jan-21
50.9299,18-Jan-21
51.6505,19-Jan-21
51.8997,20-Jan-21
51.5601,21-Jan-21
51.1004,22-Jan-21
50.5062,25-Jan-21
50.266,27-Jan-21
50.1093,28-Jan-21
50.0282,29-Jan-21
51.2269,01-Feb-21
51.7106,02-Feb-21
52.62,03-Feb-21
53.3771,04-Feb-21
53.8398,05-Feb-21
54.8424,08-Feb-21
54.7551,09-Feb-21
54.9903,10-Feb-21
55.9371,11-Feb-21
55.9497,12-Feb-21
56.2621,15-Feb-21
56.3446,16-Feb-21
56.7447,17-Feb-21
57.0328,18-Feb-21
56.6197,19-Feb-21
55.969,22-Feb-21
56.3073,23-Feb-21
56.9509,24-Feb-21
57.5027,25-Feb-21
56.9128,26-Feb-21
58.1094,01-Mar-21
59.2889,02-Mar-21
59.8955,03-Mar-21
60.391,04-Mar-21
59.3308,05-Mar-21
59.537,08-Mar-21
59.5451,09-Mar-21
60.1726,10-Mar-21
60.2702,12-Mar-21
59.9358,15-Mar-21
60.203,16-Mar-21
58.7936,17-Mar-21
57.9456,18-Mar-21
58.2991,19-Mar-21
58.555,22-Mar-21
59.0883,23-Mar-21
58.1936,24-Mar-21
57.1029,25-Mar-21
57.8791,26-Mar-21
58.6529,30-Mar-21
59.1544,31-Mar-21
60.1195,01-Apr-21
59.2766,05-Apr-21
59.7721,06-Apr-21
60.5578,07-Apr-21
61.1131,08-Apr-21
61.356,09-Apr-21
58.4672,12-Apr-21
59.1898,13-Apr-21
59.016,15-Apr-21
59.6914,16-Apr-21
58.9733,19-Apr-21
59.2706,20-Apr-21
59.7093,22-Apr-21
59.9631,23-Apr-21
60.4675,26-Apr-21
61.1979,27-Apr-21
61.8844,28-Apr-21
62.1151,29-Apr-21
62.1421,30-Apr-21
63.3358,03-May-21
62.8203,04-May-21
63.3495,05-May-21
63.5667,06-May-21
63.398,07-May-21
63.922,10-May-21
64.2649,11-May-21
64.0623,12-May-21
63.448,14-May-21
64.4581,17-May-21
65.1821,18-May-21
65.6548,19-May-21
65.8614,20-May-21
65.9915,21-May-21
66.4524,24-May-21
66.4531,25-May-21
66.8307,26-May-21
67.3436,27-May-21
67.1627,28-May-21
67.3884,31-May-21
66.9137,01-Jun-21
67.6426,02-Jun-21
68.3092,03-Jun-21
68.7584,04-Jun-21
69.612,07-Jun-21
70.3881,08-Jun-21
69.7109,09-Jun-21
70.5967,10-Jun-21
70.8426,11-Jun-21
70.8303,14-Jun-21
71.087,15-Jun-21
70.548,16-Jun-21
70.2851,17-Jun-21
69.6766,18-Jun-21
69.9361,21-Jun-21
70.4478,22-Jun-21
70.4402,23-Jun-21
70.3507,24-Jun-21
70.7327,25-Jun-21
71.0139,28-Jun-21
71.1343,29-Jun-21
71.8434,30-Jun-21
72.3245,01-Jul-21
73.1693,02-Jul-21
73.8693,05-Jul-21
73.5239,06-Jul-21
73.8534,07-Jul-21
73.7211,08-Jul-21
74.0237,09-Jul-21
74.3919,12-Jul-21
75.1225,13-Jul-21
75.3985,14-Jul-21
75.8666,15-Jul-21
76.3571,16-Jul-21
76.2076,19-Jul-21
75.2449,20-Jul-21
76.2575,22-Jul-21
76.4272,23-Jul-21
76.7205,26-Jul-21
76.5618,27-Jul-21
76.2519,28-Jul-21
77.0281,29-Jul-21
77.2383,30-Jul-21
77.8106,02-Aug-21
78.188,03-Aug-21
77.2189,04-Aug-21
77.2007,05-Aug-21
77.1425,06-Aug-21
76.8118,09-Aug-21
75.4379,10-Aug-21
75.0851,11-Aug-21
76.579,12-Aug-21
76.7125,13-Aug-21
76.217,16-Aug-21
76.1837,17-Aug-21
75.9815,18-Aug-21
74.5227,20-Aug-21
73.5837,23-Aug-21
74.5784,24-Aug-21
74.8472,25-Aug-21
75.1287,26-Aug-21
75.7466,27-Aug-21
77.2136,30-Aug-21
77.8018,31-Aug-21
77.6672,01-Sep-21
78.3597,02-Sep-21
78.5516,03-Sep-21
79.0621,06-Sep-21
79.1607,07-Sep-21
79.5751,08-Sep-21
80.0674,09-Sep-21
80.6152,13-Sep-21
80.9681,14-Sep-21
81.922,15-Sep-21
81.7733,16-Sep-21
81.2827,17-Sep-21
79.7664,20-Sep-21
80.0135,21-Sep-21
80.537,22-Sep-21
81.206,23-Sep-21
81.43,24-Sep-21
80.8984,27-Sep-21
80.3611,28-Sep-21
80.5791,29-Sep-21
81.1112,30-Sep-21
81.2325,01-Oct-21
82.5982,04-Oct-21
82.9238,05-Oct-21
82.5542,06-Oct-21
83.4439,07-Oct-21
84.4781,08-Oct-21
84.8301,11-Oct-21
85.0321,12-Oct-21
85.5479,13-Oct-21
85.8403,14-Oct-21
86.494,18-Oct-21
85.4057,19-Oct-21
83.0639,20-Oct-21
82.052,21-Oct-21
81.2387,22-Oct-21
79.728,25-Oct-21
81.7495,26-Oct-21
82.1536,27-Oct-21
80.7259,28-Oct-21
80.6564,29-Oct-21
81.5639,01-Nov-21
82.6418,02-Nov-21
82.4453,03-Nov-21
84.2331,08-Nov-21
84.5876,09-Nov-21
85.1099,10-Nov-21
85.0962,11-Nov-21
85.2669,12-Nov-21
85.5429,15-Nov-21
85.9294,16-Nov-21
85.898,17-Nov-21
84.4639,18-Nov-21
82.0452,22-Nov-21
83.3542,23-Nov-21
84.0263,24-Nov-21
84.8381,25-Nov-21
82.275,26-Nov-21
80.568,29-Nov-21
81.9579,30-Nov-21
82.1817,01-Dec-21
83.0145,02-Dec-21
83.1776,03-Dec-21
82.0476,06-Dec-21
82.9919,07-Dec-21
84.0958,08-Dec-21
84.4554,09-Dec-21
85.0515,10-Dec-21
85.6256,13-Dec-21
85.7429,14-Dec-21
85.6368,15-Dec-21
85.2583,16-Dec-21
83.5873,17-Dec-21
81.0499,20-Dec-21
82.2818,21-Dec-21
83.655,22-Dec-21
84.3341,23-Dec-21
83.9428,24-Dec-21
84.5246,27-Dec-21
86.1739,28-Dec-21
86.5928,29-Dec-21
86.5597,30-Dec-21
87.2962,31-Dec-21
88.649,03-Jan-22
89.2485,04-Jan-22
88.8894,05-Jan-22
88.8331,06-Jan-22
89.4441,07-Jan-22
90.4834,10-Jan-22
90.3854,11-Jan-22
91.1173,12-Jan-22
91.5658,13-Jan-22
92.0289,14-Jan-22
92.7506,17-Jan-22
90.9477,18-Jan-22
90.7656,19-Jan-22
90.5312,20-Jan-22
88.5856,21-Jan-22
84.566,24-Jan-22
85.4721,25-Jan-22
84.7614,27-Jan-22
85.1996,28-Jan-22
86.3356,31-Jan-22
87.1037,01-Feb-22
88.2626,02-Feb-22
87.8635,03-Feb-22
87.6875,04-Feb-22
86.8517,07-Feb-22
85.9408,08-Feb-22
86.4126,09-Feb-22
86.4184,10-Feb-22
84.858,11-Feb-22
81.2299,14-Feb-22
83.2702,15-Feb-22
83.5834,16-Feb-22
83.2216,17-Feb-22
82.6006,18-Feb-22
81.2316,21-Feb-22
80.1347,22-Feb-22
80.8932,23-Feb-22
76.7999,24-Feb-22
79.9444,25-Feb-22
80.1852,28-Feb-22
79.9146,02-Mar-22
80.0425,03-Mar-22
78.5599,04-Mar-22
77.1151,07-Mar-22
78.0372,08-Mar-22
79.5354,09-Mar-22
80.5579,10-Mar-22
81.3456,11-Mar-22
81.8812,14-Mar-22
80.9669,15-Mar-22
82.0957,16-Mar-22
83.0266,17-Mar-22
83.7451,21-Mar-22
84.224,22-Mar-22
84.0198,23-Mar-22
83.8575,24-Mar-22
83.342,25-Mar-22
83.0423,28-Mar-22
83.6102,29-Mar-22
84.7814,30-Mar-22
85.2519,31-Mar-22
86.3531,01-Apr-22
87.5313,04-Apr-22
88.3834,05-Apr-22
88.767,06-Apr-22
88.4573,07-Apr-22
89.4179,08-Apr-22
89.455,11-Apr-22
88.4433,12-Apr-22
88.9859,13-Apr-22
88.017,18-Apr-22
86.7393,19-Apr-22
86.8488,20-Apr-22
88.0901,21-Apr-22
87.8345,22-Apr-22
86.396,25-Apr-22
87.31,26-Apr-22
86.9714,27-Apr-22
87.4344,28-Apr-22
86.6235,29-Apr-22
85.742,02-May-22
83.8282,04-May-22
83.6157,05-May-22
81.9581,06-May-22
80.561,09-May-22
79.1636,10-May-22
77.7091,11-May-22
76.0611,12-May-22
76.8636,13-May-22
77.6386,16-May-22
79.6993,17-May-22
79.9254,18-May-22
78.0653,19-May-22
79.357,20-May-22
78.8896,23-May-22
78.0494,24-May-22
75.898,25-May-22
76.6434,26-May-22
77.9127,27-May-22
79.7468,30-May-22
80.5566,31-May-22
81.3105,01-Jun-22
81.7562,02-Jun-22
81.021,03-Jun-22
80.3863,06-Jun-22
79.8303,07-Jun-22
79.4974,08-Jun-22
79.6634,09-Jun-22
79.1293,10-Jun-22
76.9178,13-Jun-22
77.0084,14-Jun-22
77.6407,15-Jun-22
75.6715,16-Jun-22
75.1062,17-Jun-22
73.5488,20-Jun-22
75.3287,21-Jun-22
74.6418,22-Jun-22
75.2894,23-Jun-22
76.5735,24-Jun-22
77.98,27-Jun-22
78.4471,28-Jun-22
78.3019,29-Jun-22
78.0201,30-Jun-22
77.9573,01-Jul-22
78.5577,04-Jul-22
78.7306,05-Jul-22
79.3913,06-Jul-22
80.2802,07-Jul-22
80.8417,08-Jul-22
81.2623,11-Jul-22
80.8309,12-Jul-22
80.9068,13-Jul-22
80.5336,14-Jul-22
80.931,15-Jul-22
81.9542,18-Jul-22
82.905,19-Jul-22
83.3147,20-Jul-22
84.1644,21-Jul-22
84.2503,22-Jul-22
84.2949,25-Jul-22
83.5337,26-Jul-22
83.6908,27-Jul-22
84.1721,28-Jul-22
85.178,29-Jul-22
86.1977,01-Aug-22
86.3687,02-Aug-22
86.1629,03-Aug-22
86.113,04-Aug-22
86.1863,05-Aug-22
86.4515,08-Aug-22
86.4778,10-Aug-22
86.9204,11-Aug-22
87.0148,12-Aug-22
87.4233,16-Aug-22
87.7909,17-Aug-22
88.0621,18-Aug-22
87.4022,19-Aug-22
86.6315,22-Aug-22
87.3936,23-Aug-22
88.0002,24-Aug-22
88.0485,25-Aug-22
88.7086,26-Aug-22
88.432,29-Aug-22
89.5904,30-Aug-22
90.1743,01-Sep-22
90.1777,02-Sep-22
90.9898,05-Sep-22
91.1289,06-Sep-22
91.8033,07-Sep-22
92.4181,08-Sep-22
92.7419,09-Sep-22
93.8603,12-Sep-22
94.1141,13-Sep-22
94.124,14-Sep-22
94.1662,15-Sep-22
92.0237,16-Sep-22
91.7604,19-Sep-22
92.8886,20-Sep-22
92.4419,21-Sep-22
92.7034,22-Sep-22
91.1926,23-Sep-22
88.5749,26-Sep-22
88.9439,27-Sep-22
88.7304,28-Sep-22
89.0191,29-Sep-22
90.5927,30-Sep-22
89.963,03-Oct-22
91.1395,04-Oct-22
92.3258,06-Oct-22
92.7616,07-Oct-22
92.2698,10-Oct-22
91.0915,11-Oct-22
91.4403,12-Oct-22
91.0502,13-Oct-22
90.8645,14-Oct-22
90.8197,17-Oct-22
91.7184,18-Oct-22
91.7316,19-Oct-22
91.7449,20-Oct-22
91.066,21-Oct-22
92.1268,25-Oct-22
92.3183,27-Oct-22
91.589,28-Oct-22
92.2176,31-Oct-22
92.4542,01-Nov-22
92.5431,02-Nov-22
92.7451,03-Nov-22
92.6578,04-Nov-22
93.1432,07-Nov-22
92.6066,09-Nov-22
91.5857,10-Nov-22
92.1104,11-Nov-22
92.1636,14-Nov-22
92.353,15-Nov-22
92.5242,16-Nov-22
92.6323,17-Nov-22
92.5008,18-Nov-22
92.3786,21-Nov-22
92.3223,22-Nov-22
92.8396,23-Nov-22
93.4623,24-Nov-22
94.0532,25-Nov-22
94.6448,28-Nov-22
94.2284,29-Nov-22
94.7279,30-Nov-22
95.2589,01-Dec-22
95.8854,02-Dec-22
95.9688,05-Dec-22
95.7498,06-Dec-22
95.4145,07-Dec-22
95.7603,08-Dec-22
95.0404,09-Dec-22
95.4121,12-Dec-22
95.7744,13-Dec-22
96.1409,14-Dec-22
95.4954,15-Dec-22
94.7123,16-Dec-22
94.9574,19-Dec-22
94.846,20-Dec-22
93.0428,21-Dec-22
91.8098,22-Dec-22
88.6651,23-Dec-22
90.7953,26-Dec-22
92.0096,27-Dec-22
92.2764,28-Dec-22
92.4259,29-Dec-22
93.0064,30-Dec-22
93.5746,02-Jan-23
93.7146,03-Jan-23
92.9431,04-Jan-23
93.0373,05-Jan-23
92.5414,06-Jan-23
93.1486,09-Jan-23
92.6868,10-Jan-23
92.7691,11-Jan-23
92.9132,12-Jan-23
93.1301,13-Jan-23
92.6976,16-Jan-23
92.8736,17-Jan-23
93.0829,18-Jan-23
93.0058,19-Jan-23
92.5992,20-Jan-23
92.2983,23-Jan-23
92.0752,24-Jan-23
91.2028,25-Jan-23
89.5307,27-Jan-23
89.4896,30-Jan-23
91.5802,31-Jan-23
90.6672,01-Feb-23
90.9944,02-Feb-23
91.0205,03-Feb-23
91.3666,06-Feb-23
91.6118,07-Feb-23
92.0033,08-Feb-23
91.9568,09-Feb-23
92.4691,10-Feb-23
91.6887,13-Feb-23
91.4224,14-Feb-23
91.8834,15-Feb-23
92.5941,16-Feb-23
92.4016,17-Feb-23
92.313,20-Feb-23
92.1433,21-Feb-23
90.9371,22-Feb-23
91.1332,23-Feb-23
91.2687,24-Feb-23
90.2789,27-Feb-23
90.634,28-Feb-23
91.7398,01-Mar-23
91.5887,02-Mar-23
92.2829,03-Mar-23
93.0291,06-Mar-23
93.581,08-Mar-23
93.3518,09-Mar-23
92.8092,10-Mar-23
91.0367,13-Mar-23
90.4058,14-Mar-23
90.632,15-Mar-23
90.0617,16-Mar-23
90.5095,17-Mar-23
89.6976,20-Mar-23
90.202,21-Mar-23
90.8907,22-Mar-23
90.7287,23-Mar-23
89.8254,24-Mar-23
88.8252,27-Mar-23
88.3742,28-Mar-23
89.6879,29-Mar-23
90.923,31-Mar-23
91.3427,03-Apr-23
92.1936,05-Apr-23
92.6059,06-Apr-23
92.6305,10-Apr-23
93.1048,11-Apr-23
93.3934,12-Apr-23
93.6779,13-Apr-23
93.8078,17-Apr-23
93.9634,18-Apr-23
94.0124,19-Apr-23
94.0743,20-Apr-23
93.9608,21-Apr-23
94.2655,24-Apr-23
94.395,25-Apr-23
94.583,26-Apr-23
95.0063,27-Apr-23
95.8027,28-Apr-23
96.4071,02-May-23
96.8051,03-May-23
97.4194,04-May-23
97.1177,05-May-23
97.859,08-May-23
97.5492,09-May-23
98.0576,10-May-23
98.6352,11-May-23
98.6129,12-May-23
99.0284,15-May-23
99.1075,16-May-23
99.4957,17-May-23
99.3724,18-May-23
99.3825,19-May-23
99.9396,22-May-23
99.889,23-May-23
100.0187,24-May-23
100.2175,25-May-23
100.7077,26-May-23
101.0759,29-May-23
101.377,30-May-23
102.2026,31-May-23
102.7717,01-Jun-23
103.3706,02-Jun-23
104.0972,05-Jun-23
104.678,06-Jun-23
105.7374,07-Jun-23
105.1626,08-Jun-23
105.2335,09-Jun-23
105.5836,12-Jun-23
105.8802,13-Jun-23
106.0897,14-Jun-23
106.2983,15-Jun-23
107.16,16-Jun-23
107.4614,19-Jun-23
107.8986,20-Jun-23
108.6497,21-Jun-23
108.1632,22-Jun-23
107.1352,23-Jun-23
107.6367,26-Jun-23
108.2667,27-Jun-23
108.4367,28-Jun-23
108.9788,30-Jun-23
109.5069,03-Jul-23
109.4085,04-Jul-23
110.0384,05-Jul-23
110.7228,06-Jul-23
110.3898,07-Jul-23
110.2143,10-Jul-23
111.079,11-Jul-23
111.7157,12-Jul-23
111.2559,13-Jul-23
112.1159,14-Jul-23
113.0054,17-Jul-23
112.4623,18-Jul-23
113.3366,19-Jul-23
113.5398,20-Jul-23
113.3722,21-Jul-23
113.5863,24-Jul-23
113.8089,25-Jul-23
114.1235,26-Jul-23
114.0606,27-Jul-23
114.4686,28-Jul-23
115.6885,31-Jul-23
115.9516,01-Aug-23
114.6756,02-Aug-23
114.7462,03-Aug-23
115.3013,04-Aug-23
115.6138,07-Aug-23
116.7436,08-Aug-23
117.01,09-Aug-23
116.7359,10-Aug-23
116.6095,11-Aug-23
115.9517,14-Aug-23
115.6198,16-Aug-23
116.1604,17-Aug-23
115.9324,18-Aug-23
116.701,21-Aug-23
117.7906,22-Aug-23
118.4425,23-Aug-23
118.1843,24-Aug-23
118.0735,25-Aug-23
118.743,28-Aug-23
119.3038,29-Aug-23
120.0462,30-Aug-23
121.157,31-Aug-23
122.1629,01-Sep-23
123.3425,04-Sep-23
124.3103,05-Sep-23
124.2334,06-Sep-23
124.5977,07-Sep-23
125.4461,08-Sep-23
126.5262,11-Sep-23
122.0915,12-Sep-23
123.15,13-Sep-23
124.0678,14-Sep-23
124.0246,15-Sep-23
123.2336,18-Sep-23
122.4658,20-Sep-23
121.3072,21-Sep-23
121.1794,22-Sep-23
121.4677,25-Sep-23
121.9843,26-Sep-23
122.5857,27-Sep-23
122.6485,29-Sep-23
123.2186,03-Oct-23
122.0034,04-Oct-23
122.6614,05-Oct-23
123.3582,06-Oct-23
121.6474,09-Oct-23
122.9669,10-Oct-23
123.7212,11-Oct-23
124.2841,12-Oct-23
124.1448,13-Oct-23
124.528,16-Oct-23
125.0843,17-Oct-23
124.6406,18-Oct-23
124.5613,19-Oct-23
123.9458,20-Oct-23
119.7977,23-Oct-23
118.7852,25-Oct-23
118.4148,26-Oct-23
120.5619,27-Oct-23
120.9038,30-Oct-23
120.985,31-Oct-23
120.881,01-Nov-23
121.9018,02-Nov-23
122.9365,03-Nov-23
123.9694,06-Nov-23
123.9736,07-Nov-23
124.5354,08-Nov-23
124.3403,09-Nov-23
124.6314,10-Nov-23
125.7889,13-Nov-23
126.8642,15-Nov-23
127.1134,16-Nov-23
127.5904,17-Nov-23
128.1785,20-Nov-23
128.3999,21-Nov-23
128.8279,22-Nov-23
128.8981,23-Nov-23
129.0956,24-Nov-23
129.3046,28-Nov-23
130.0317,29-Nov-23
131.1034,30-Nov-23
131.6131,01-Dec-23
133.3121,04-Dec-23
133.5381,05-Dec-23
133.6698,06-Dec-23
133.7225,07-Dec-23
133.0588,08-Dec-23
134.3457,11-Dec-23
133.9218,12-Dec-23
134.75,13-Dec-23
135.6741,14-Dec-23
136.2274,15-Dec-23
136.8879,18-Dec-23
136.9716,19-Dec-23
133.6018,20-Dec-23
135.5012,21-Dec-23
136.5879,22-Dec-23
137.0521,26-Dec-23
137.704,27-Dec-23
137.623,28-Dec-23
138.5047,29-Dec-23
139.1762,01-Jan-24
138.8607,02-Jan-24
138.8839,03-Jan-24
139.9626,04-Jan-24
140.4394,05-Jan-24
139.326,08-Jan-24
139.6289,09-Jan-24
139.9727,10-Jan-24
140.7611,11-Jan-24
141.1337,12-Jan-24
141.6797,15-Jan-24
140.9926,16-Jan-24
139.6838,17-Jan-24
139.4293,18-Jan-24
140.7669,19-Jan-24
137.8714,23-Jan-24
139.766,24-Jan-24
140.131,25-Jan-24
141.6705,29-Jan-24
141.4361,30-Jan-24
143.5166,31-Jan-24
143.1452,01-Feb-24
143.6546,02-Feb-24
143.3979,05-Feb-24
144.9022,06-Feb-24
145.0926,07-Feb-24
144.7137,08-Feb-24
143.361,09-Feb-24
140.0706,12-Feb-24
139.9215,13-Feb-24
140.8546,14-Feb-24
141.9004,15-Feb-24
143.1126,16-Feb-24
143.738,19-Feb-24
143.6065,20-Feb-24
142.6268,21-Feb-24
143.3511,22-Feb-24
144.3596,23-Feb-24
144.4498,26-Feb-24
144.0555,27-Feb-24
142.2488,28-Feb-24
142.5407,29-Feb-24
143.7888,01-Mar-24
144.225,04-Mar-24
143.4178,05-Mar-24
141.3847,06-Mar-24
142.3717,07-Mar-24
140.5597,11-Mar-24
138.5669,12-Mar-24
132.8328,13-Mar-24
135.7549,14-Mar-24
135.9442,15-Mar-24
136.15,18-Mar-24
135.1109,19-Mar-24
135.1435,20-Mar-24
137.7406,21-Mar-24
139.211,22-Mar-24
139.5322,26-Mar-24
140.7914,27-Mar-24
141.2388,28-Mar-24
141.2247,31-Mar-24
144.2327,01-Apr-24
145.2666,02-Apr-24
146.16,03-Apr-24
146.6017,04-Apr-24
147.0745,05-Apr-24
147.414,08-Apr-24
147.0104,09-Apr-24
147.9301,10-Apr-24
147.2647,12-Apr-24
145.4838,15-Apr-24
146.0726,16-Apr-24
146.2187,18-Apr-24
146.4296,19-Apr-24
148.6977,22-Apr-24
149.9781,23-Apr-24
150.8558,24-Apr-24
152.2396,25-Apr-24
153.0103,26-Apr-24
153.6303,29-Apr-24
154.3008,30-Apr-24
154.9645,02-May-24
154.0879,03-May-24
152.6317,06-May-24
150.7162,07-May-24
151.6701,08-May-24
148.3951,09-May-24
149.4332,10-May-24
149.5538,13-May-24
151.8998,14-May-24
153.9042,15-May-24
156.0388,16-May-24
157.8758,17-May-24
158.1515,21-May-24
158.4567,22-May-24
158.8619,23-May-24
159.0514,24-May-24
158.6232,27-May-24
157.2219,28-May-24
157.0454,29-May-24
155.6176,30-May-24
156.2529,31-May-24
159.591,03-Jun-24
148.5354,04-Jun-24
152.9679,05-Jun-24
157.1096,06-Jun-24
160.432,07-Jun-24
162.0128,10-Jun-24
163.5781,11-Jun-24
165.2095,12-Jun-24
166.5515,13-Jun-24
167.9978,14-Jun-24
169.6365,18-Jun-24
168.5444,19-Jun-24
169.0149,20-Jun-24
168.6822,21-Jun-24
169.4259,24-Jun-24
169.2716,25-Jun-24
169.6483,26-Jun-24
168.9286,27-Jun-24
169.7002,28-Jun-24
172.6532,01-Jul-24
172.8804,02-Jul-24
174.5421,03-Jul-24
175.599,04-Jul-24
176.2196,05-Jul-24
